{
  "project_info": {
    "project_number": "558803567354",
    "firebase_url": "https://stuby-341c5.firebaseio.com",
    "project_id": "stuby-341c5",
    "storage_bucket": "stuby-341c5.appspot.com"
  },
  "client": [
    {
      "client_info": {
        "mobilesdk_app_id": "1:558803567354:android:1f39477faac7363e73ff43",
        "android_client_info": {
          "package_name": "com.stuby.stuby"
        }
      },
      "oauth_client": [
        {
          "client_id": "558803567354-37h7vggmaor95tcs3ea5f8ctgfio1ug4.apps.googleusercontent.com",
          "client_type": 3
        }
      ],
      "api_key": [
        {
          "current_key": "AIzaSyA7rKxumJ8voSTMbroG53g7imAm5Mul1Gw"
        }
      ],
      "services": {
        "appinvite_service": {
          "other_platform_oauth_client": [
            {
              "client_id": "558803567354-37h7vggmaor95tcs3ea5f8ctgfio1ug4.apps.googleusercontent.com",
              "client_type": 3
            }
          ]
        }
      }
    }
  ],
  "configuration_version": "1"
}